<?xml version="1.0"?>
<!DOCTYPE hibernate-mapping PUBLIC
        "-//Hibernate/Hibernate Mapping DTD 3.0//EN"
        "http://hibernate.sourceforge.net/hibernate-mapping-3.0.dtd">

<hibernate-mapping package="com.apkdv.server.entity"><!-- 这里的package记得要写对啊。要不然运行也会出错的 -->
    <class name="User"><!-- 如果表名跟类名一个样的话，那么table属性可以不写 -->
        <id name="_id"><generator class="native" /></id>
        <property name="money"></property>
        <property name="password"></property>
        <property name="phone"></property>
        <property name="myName"></property>
        <property name="userName"></property>
    </class>
</hibernate-mapping>