<?xml version="1.0" encoding="UTF-8"?>
<!DOCTYPE hibernate-configuration PUBLIC
	"-//Hibernate/Hibernate Configuration DTD 3.0//EN"
	"http://hibernate.sourceforge.net/hibernate-configuration-3.0.dtd">

<hibernate-configuration>
	<session-factory>
		<property name="hibernate.connection.driver_class">com.mysql.jdbc.Driver</property>
		<property name="connection.url">jdbc:mysql:///tour</property>
		<property name="connection.username">root</property>
		<property name="connection.password">root</property>

		<property name="dialect">org.hibernate.dialect.MySQLDialect</property>
		<property name="hbm2ddl.auto">update</property>
		<property name="c3p0.max_size">100</property>
		<property name="c3p0.min_size">10</property>

		<property name="show_sql">true</property>
		<property name="cache.use_second_level_cache">true</property>
		<property name="cache.use_query_cache">true</property>
		<property name="cache.provider_class">org.hibernate.cache.OSCacheProvider</property>

		<property name="generate_statistics">true</property>

		<mapping resource="com/apkdv/server/entity/user.cfg.xml" />
		<mapping resource="com/apkdv/server/entity/message.cfg.xml" />

	</session-factory>
</hibernate-configuration>